Area_sqft,Bedrooms,Bathrooms,Age_of_Property,"Location_Dwarka, Delhi","Location_Karol Bagh, Delhi","Location_Lajpat Nagar, Delhi","Location_MG Road, Gurugram","Location_Rohini, Delhi","Location_Saket, Delhi","Location_Sector 45, Gurugram","Location_Sector 56, Gurugram","Location_Sushant Lok, Gurugram",City_Gurugram,Property_Type_House,Property_Type_Plot
1660,0,0,0,True,False,False,False,False,False,False,False,False,False,False,True
4572,0,0,0,False,False,False,False,False,False,True,False,False,True,False,True
1266,0,0,0,False,False,False,False,False,False,False,False,False,True,False,True
4244,0,0,0,False,True,False,False,False,False,False,False,False,False,False,True
930,0,0,0,False,False,False,False,True,False,False,False,False,False,False,True
1569,0,0,0,False,False,False,False,True,False,False,False,False,False,False,True
3233,4,1,0,False,False,False,True,False,False,False,False,False,True,False,False
4917,5,1,16,False,False,False,False,True,False,False,False,False,False,True,False
3358,2,3,29,False,False,False,False,True,False,False,False,False,False,False,False
2699,4,1,2,False,False,False,True,False,False,False,False,False,True,True,False
1446,5,1,6,False,False,False,False,True,False,False,False,False,False,True,False
1400,0,0,0,False,False,False,True,False,False,False,False,False,True,False,True
1041,2,1,25,False,False,False,False,False,False,False,False,False,True,False,False
2163,4,3,27,False,False,False,False,True,False,False,False,False,False,False,False
3356,3,2,16,False,False,False,False,False,True,False,False,False,False,True,False
4743,0,0,0,False,False,True,False,False,False,False,False,False,False,False,True
4261,0,0,0,False,True,False,False,False,False,False,False,False,False,False,True
4643,5,3,17,False,False,False,False,False,False,True,False,False,True,False,False
2781,4,2,30,False,False,False,False,False,False,False,True,False,True,True,False
4598,4,1,29,False,False,True,False,False,False,False,False,False,False,False,False
1876,2,1,27,False,False,False,False,False,False,False,False,True,True,False,False
2862,5,1,24,False,False,False,False,False,False,False,False,True,True,True,False
2827,3,3,16,False,True,False,False,False,False,False,False,False,False,False,False
4361,0,0,0,True,False,False,False,False,False,False,False,False,False,False,True
3899,0,0,0,False,False,False,True,False,False,False,False,False,True,False,True
3904,0,0,0,False,False,False,True,False,False,False,False,False,True,False,True
4445,5,3,11,True,False,False,False,False,False,False,False,False,False,False,False
2370,1,3,4,False,False,True,False,False,False,False,False,False,False,False,False
4640,0,0,0,False,False,False,False,False,False,True,False,False,True,False,True
1302,0,0,0,False,True,False,False,False,False,False,False,False,False,False,True
1006,2,2,27,False,False,True,False,False,False,False,False,False,False,False,False
1663,1,1,3,False,True,False,False,False,False,False,False,False,False,True,False
2478,3,1,3,False,True,False,False,False,False,False,False,False,False,True,False
4114,0,0,0,True,False,False,False,False,False,False,False,False,False,False,True
3425,2,1,29,False,False,False,True,False,False,False,False,False,True,False,False
4427,0,0,0,False,False,False,False,True,False,False,False,False,False,False,True
2781,3,2,22,False,False,False,False,True,False,False,False,False,False,False,False
3037,1,1,24,False,False,True,False,False,False,False,False,False,False,True,False
3475,5,1,2,False,False,True,False,False,False,False,False,False,False,True,False
4548,1,3,9,True,False,False,False,False,False,False,False,False,False,True,False
2798,3,2,23,False,False,False,False,False,False,False,False,False,True,False,False
2653,0,0,0,False,True,False,False,False,False,False,False,False,False,False,True
2091,0,0,0,False,False,False,False,True,False,False,False,False,False,False,True
4257,3,1,4,False,False,False,False,False,False,False,True,False,True,False,False
3952,3,1,1,False,False,False,False,False,True,False,False,False,False,True,False
1654,0,0,0,False,True,False,False,False,False,False,False,False,False,False,True
4274,2,1,11,False,False,False,False,True,False,False,False,False,False,False,False
2533,0,0,0,False,False,False,False,False,True,False,False,False,False,False,True
4310,3,3,16,False,False,False,False,False,False,False,False,False,True,False,False
3127,0,0,0,False,False,False,False,False,False,False,True,False,True,False,True
997,3,3,15,False,False,False,False,False,False,False,False,True,True,False,False
1947,0,0,0,False,False,False,False,False,False,False,False,True,True,False,True
3311,5,3,19,False,False,False,False,False,False,False,False,False,True,False,False
2169,0,0,0,False,False,False,False,False,False,False,True,False,True,False,True
946,0,0,0,False,False,False,False,False,False,True,False,False,True,False,True
2534,4,1,0,False,False,True,False,False,False,False,False,False,False,True,False
3185,1,3,27,True,False,False,False,False,False,False,False,False,False,False,False
4169,3,3,27,False,False,False,False,False,False,False,True,False,True,False,False
4443,1,2,0,False,False,False,False,False,False,True,False,False,True,True,False
4523,5,1,26,False,False,False,False,False,False,False,True,False,True,True,False
3970,3,3,19,False,False,True,False,False,False,False,False,False,False,True,False
4791,4,3,16,False,True,False,False,False,False,False,False,False,False,True,False
4999,4,2,2,False,False,False,False,False,False,False,False,False,True,False,False
898,1,1,17,False,False,False,True,False,False,False,False,False,True,False,False
4577,0,0,0,False,False,True,False,False,False,False,False,False,False,False,True
4591,5,1,3,True,False,False,False,False,False,False,False,False,False,False,False
2100,4,3,2,False,False,True,False,False,False,False,False,False,False,False,False
3904,4,3,18,True,False,False,False,False,False,False,False,False,False,True,False
1845,5,3,21,False,False,False,False,False,False,False,False,True,True,False,False
1025,0,0,0,False,False,False,False,False,True,False,False,False,False,False,True
1759,1,1,27,False,False,False,False,False,False,False,True,False,True,False,False
3920,0,0,0,True,False,False,False,False,False,False,False,False,False,False,True
2043,0,0,0,False,False,False,False,True,False,False,False,False,False,False,True
1869,5,2,2,True,False,False,False,False,False,False,False,False,False,True,False
3127,5,1,13,False,False,True,False,False,False,False,False,False,False,False,False
3970,4,1,19,False,False,True,False,False,False,False,False,False,False,True,False
1780,1,3,17,False,False,False,False,True,False,False,False,False,False,False,False
1369,0,0,0,True,False,False,False,False,False,False,False,False,False,False,True
3533,2,3,21,False,False,False,True,False,False,False,False,False,True,True,False
954,0,0,0,False,False,False,False,False,False,False,False,True,True,False,True
4857,0,0,0,False,False,False,True,False,False,False,False,False,True,False,True
3606,2,3,17,False,False,False,True,False,False,False,False,False,True,True,False
1324,4,2,6,False,False,False,False,False,False,False,True,False,True,False,False
4915,1,2,15,False,True,False,False,False,False,False,False,False,False,True,False
1966,4,2,1,False,False,False,False,False,False,False,False,True,True,False,False
2782,3,1,25,False,False,True,False,False,False,False,False,False,False,False,False
1948,2,2,21,False,False,False,False,False,True,False,False,False,False,True,False
4654,3,1,0,False,False,False,False,True,False,False,False,False,False,False,False
3851,0,0,0,False,False,False,False,True,False,False,False,False,False,False,True
1676,4,2,14,False,False,True,False,False,False,False,False,False,False,True,False
1435,2,2,18,False,False,True,False,False,False,False,False,False,False,False,False
1630,0,0,0,False,False,False,False,False,False,False,True,False,True,False,True
2169,0,0,0,False,False,False,False,False,False,False,False,True,True,False,True
916,1,1,0,False,False,False,True,False,False,False,False,False,True,True,False
1312,2,2,21,False,False,False,False,False,True,False,False,False,False,False,False
4143,5,3,30,False,False,False,False,True,False,False,False,False,False,True,False
3094,0,0,0,False,False,False,False,True,False,False,False,False,False,False,True
2479,3,1,21,False,False,False,False,False,False,True,False,False,True,False,False
4845,4,1,14,False,False,True,False,False,False,False,False,False,False,True,False
3859,0,0,0,False,False,False,False,False,False,True,False,False,True,False,True
3759,0,0,0,False,False,False,False,False,False,False,True,False,True,False,True
3279,5,3,3,False,False,False,False,False,False,False,False,False,True,True,False
2557,0,0,0,False,True,False,False,False,False,False,False,False,False,False,True
3649,4,3,9,False,False,False,True,False,False,False,False,False,True,True,False
2431,0,0,0,False,False,False,False,True,False,False,False,False,False,False,True
2148,0,0,0,False,False,False,True,False,False,False,False,False,True,False,True
3639,2,1,27,True,False,False,False,False,False,False,False,False,False,False,False
4346,4,2,2,False,False,False,True,False,False,False,False,False,True,False,False
4800,5,3,10,False,False,True,False,False,False,False,False,False,False,True,False
4713,0,0,0,False,False,False,True,False,False,False,False,False,True,False,True
3244,4,3,13,False,False,False,False,False,True,False,False,False,False,True,False
3346,0,0,0,False,False,True,False,False,False,False,False,False,False,False,True
3574,1,2,7,False,False,False,False,False,False,False,True,False,True,False,False
1217,3,1,6,False,False,False,False,False,False,True,False,False,True,True,False
2316,3,1,23,False,False,False,False,False,False,True,False,False,True,False,False
3608,4,2,4,False,False,False,False,True,False,False,False,False,False,False,False
3586,1,3,15,False,False,False,False,True,False,False,False,False,False,True,False
2943,0,0,0,True,False,False,False,False,False,False,False,False,False,False,True
4932,4,1,22,False,False,False,False,False,True,False,False,False,False,True,False
3714,1,2,16,False,False,False,False,False,False,False,False,True,True,False,False
1395,0,0,0,False,False,False,False,True,False,False,False,False,False,False,True
2165,5,3,18,False,False,False,False,False,False,False,False,True,True,True,False
4971,1,3,27,True,False,False,False,False,False,False,False,False,False,False,False
4377,5,1,2,False,False,False,False,True,False,False,False,False,False,True,False
3738,5,1,22,False,False,False,False,False,False,False,True,False,True,False,False
1862,5,1,9,False,False,False,False,False,False,True,False,False,True,True,False
4094,2,1,2,False,False,False,False,True,False,False,False,False,False,False,False
1753,4,1,28,False,False,False,False,False,True,False,False,False,False,False,False
1991,2,1,17,False,False,False,False,False,True,False,False,False,False,False,False
2340,5,1,5,False,False,False,False,False,True,False,False,False,False,False,False
2188,1,2,19,True,False,False,False,False,False,False,False,False,False,False,False
2124,4,2,27,False,False,False,False,True,False,False,False,False,False,True,False
3723,0,0,0,True,False,False,False,False,False,False,False,False,False,False,True
4986,2,2,18,True,False,False,False,False,False,False,False,False,False,True,False
4322,5,1,17,False,False,False,False,False,False,True,False,False,True,True,False
1881,0,0,0,False,False,False,False,False,False,False,True,False,True,False,True
1255,5,3,8,False,False,True,False,False,False,False,False,False,False,False,False
2796,0,0,0,False,False,False,False,False,False,False,False,True,True,False,True
2014,0,0,0,False,False,True,False,False,False,False,False,False,False,False,True
1623,0,0,0,True,False,False,False,False,False,False,False,False,False,False,True
933,2,1,12,True,False,False,False,False,False,False,False,False,False,True,False
4975,5,3,27,False,True,False,False,False,False,False,False,False,False,False,False
2050,0,0,0,False,False,False,True,False,False,False,False,False,True,False,True
4312,2,3,8,True,False,False,False,False,False,False,False,False,False,False,False
4286,1,1,21,False,False,False,True,False,False,False,False,False,True,False,False
1270,0,0,0,False,False,False,True,False,False,False,False,False,True,False,True
3583,0,0,0,False,False,False,False,False,False,False,True,False,True,False,True
1157,4,1,7,True,False,False,False,False,False,False,False,False,False,True,False
4985,2,2,27,False,False,False,False,False,True,False,False,False,False,True,False
4936,0,0,0,False,False,False,False,False,False,True,False,False,True,False,True
3308,4,1,12,False,False,False,True,False,False,False,False,False,True,True,False
4124,2,3,4,True,False,False,False,False,False,False,False,False,False,True,False
809,0,0,0,False,False,False,True,False,False,False,False,False,True,False,True
1815,1,2,0,True,False,False,False,False,False,False,False,False,False,False,False
4958,0,0,0,False,True,False,False,False,False,False,False,False,False,False,True
4800,0,0,0,False,False,True,False,False,False,False,False,False,False,False,True
1310,0,0,0,False,True,False,False,False,False,False,False,False,False,False,True
2800,5,3,4,False,False,False,False,False,False,True,False,False,True,False,False
2260,5,1,4,False,False,False,False,True,False,False,False,False,False,False,False
4978,0,0,0,False,False,False,False,True,False,False,False,False,False,False,True
2848,0,0,0,False,True,False,False,False,False,False,False,False,False,False,True
1516,0,0,0,False,False,True,False,False,False,False,False,False,False,False,True
2623,2,3,7,False,True,False,False,False,False,False,False,False,False,True,False
1049,2,2,21,False,False,False,False,False,False,False,False,True,True,True,False
2784,4,1,29,False,False,False,False,False,False,True,False,False,True,True,False
3614,5,1,13,False,False,False,False,False,False,False,True,False,True,False,False
2950,4,2,5,False,False,False,False,False,False,False,False,False,True,True,False
2158,3,3,30,False,False,False,False,False,False,False,False,False,True,False,False
2158,4,2,22,False,False,False,False,False,False,False,False,True,True,False,False
2928,5,1,3,False,False,False,False,False,False,False,True,False,True,True,False
4272,2,1,27,False,False,True,False,False,False,False,False,False,False,True,False
4964,2,2,20,False,False,False,False,False,False,True,False,False,True,False,False
4618,0,0,0,False,True,False,False,False,False,False,False,False,False,False,True
4842,3,3,24,False,False,False,False,False,True,False,False,False,False,False,False
1699,0,0,0,False,True,False,False,False,False,False,False,False,False,False,True
2519,0,0,0,True,False,False,False,False,False,False,False,False,False,False,True
2687,3,3,28,False,False,False,True,False,False,False,False,False,True,True,False
4956,2,3,18,False,False,False,False,False,False,False,True,False,True,False,False
4700,5,2,0,False,True,False,False,False,False,False,False,False,False,True,False
3917,2,1,13,False,False,False,False,False,True,False,False,False,False,True,False
3096,0,0,0,True,False,False,False,False,False,False,False,False,False,False,True
3086,0,0,0,False,False,False,True,False,False,False,False,False,True,False,True
3678,5,1,25,False,False,False,False,False,True,False,False,False,False,False,False
2076,4,3,14,False,False,False,True,False,False,False,False,False,True,False,False
1325,2,3,13,False,False,False,False,False,False,False,True,False,True,False,False
1164,2,2,26,False,False,True,False,False,False,False,False,False,False,False,False
2446,0,0,0,False,True,False,False,False,False,False,False,False,False,False,True
2331,0,0,0,False,False,False,False,False,True,False,False,False,False,False,True
2706,0,0,0,False,False,False,False,False,False,False,False,True,True,False,True
2875,2,3,24,False,False,False,True,False,False,False,False,False,True,False,False
925,4,1,16,False,False,False,False,False,False,False,False,False,True,False,False
2403,2,3,8,False,False,False,True,False,False,False,False,False,True,True,False
2958,0,0,0,False,False,False,False,False,True,False,False,False,False,False,True
4807,0,0,0,True,False,False,False,False,False,False,False,False,False,False,True
3539,2,2,26,False,False,False,False,False,True,False,False,False,False,True,False
1676,5,1,0,False,True,False,False,False,False,False,False,False,False,False,False
3124,4,2,10,False,False,False,False,False,False,False,False,False,True,True,False
3197,1,3,2,False,False,False,False,False,True,False,False,False,False,True,False
1863,5,3,5,False,False,False,False,False,False,False,False,False,True,True,False
4970,4,3,5,True,False,False,False,False,False,False,False,False,False,False,False
3351,3,2,24,False,True,False,False,False,False,False,False,False,False,True,False
3562,2,3,12,False,False,False,False,True,False,False,False,False,False,True,False
1941,4,3,19,False,False,False,False,False,False,True,False,False,True,False,False
2848,2,2,5,False,False,False,False,False,False,False,False,False,True,True,False
2826,0,0,0,False,False,False,False,False,False,False,False,False,True,False,True
2839,2,1,22,False,False,False,False,False,False,False,False,False,True,True,False
2860,0,0,0,False,False,False,False,False,True,False,False,False,False,False,True
2419,1,3,4,True,False,False,False,False,False,False,False,False,False,False,False
3624,3,3,23,False,False,False,False,True,False,False,False,False,False,False,False
4477,1,1,29,False,False,False,True,False,False,False,False,False,True,True,False
2769,5,3,8,True,False,False,False,False,False,False,False,False,False,True,False
3360,4,1,7,False,False,False,False,False,True,False,False,False,False,False,False
2052,4,2,2,False,False,False,True,False,False,False,False,False,True,False,False
3698,0,0,0,False,False,False,False,False,False,False,False,False,True,False,True
3421,0,0,0,False,False,False,True,False,False,False,False,False,True,False,True
1865,0,0,0,False,False,False,False,False,False,False,True,False,True,False,True
3143,3,1,5,False,False,False,False,False,True,False,False,False,False,True,False
2990,0,0,0,False,False,True,False,False,False,False,False,False,False,False,True
2992,0,0,0,False,False,False,False,False,False,False,False,True,True,False,True
4833,5,3,6,False,False,False,False,False,False,True,False,False,True,False,False
3426,0,0,0,False,False,False,False,False,True,False,False,False,False,False,True
2835,0,0,0,True,False,False,False,False,False,False,False,False,False,False,True
1722,4,1,5,False,False,False,False,True,False,False,False,False,False,True,False
1750,1,2,3,False,False,False,True,False,False,False,False,False,True,True,False
2665,1,2,5,False,False,False,False,False,True,False,False,False,False,True,False
4028,5,1,14,False,False,True,False,False,False,False,False,False,False,True,False
4556,2,3,30,False,False,False,False,True,False,False,False,False,False,True,False
2755,4,2,10,False,False,False,True,False,False,False,False,False,True,False,False
4906,0,0,0,False,False,False,False,False,False,False,True,False,True,False,True
3719,2,2,10,False,False,False,False,False,False,False,False,True,True,False,False
2988,2,1,0,False,False,False,False,False,False,False,False,True,True,True,False
3530,0,0,0,False,True,False,False,False,False,False,False,False,False,False,True
3735,5,3,9,False,False,False,False,True,False,False,False,False,False,False,False
4249,1,2,18,False,False,False,False,False,False,False,False,True,True,False,False
4168,0,0,0,True,False,False,False,False,False,False,False,False,False,False,True
2592,5,1,25,False,False,True,False,False,False,False,False,False,False,False,False
2005,1,1,30,False,False,True,False,False,False,False,False,False,False,False,False
3508,1,1,8,False,False,False,False,False,False,False,True,False,True,True,False
1374,4,1,25,False,False,False,False,False,False,False,False,False,True,False,False
1185,2,3,1,False,False,False,False,False,False,False,True,False,True,False,False
1754,4,3,18,False,False,True,False,False,False,False,False,False,False,True,False
4920,4,2,20,False,False,True,False,False,False,False,False,False,False,True,False
4958,3,2,25,False,False,False,False,False,False,False,True,False,True,True,False
3920,1,1,16,False,False,False,False,False,True,False,False,False,False,False,False
1141,4,3,28,False,False,False,False,False,False,False,False,True,True,True,False
2592,0,0,0,False,False,False,False,False,True,False,False,False,False,False,True
1789,3,3,23,False,False,False,False,False,True,False,False,False,False,False,False
2879,5,1,12,False,False,False,False,False,False,False,False,False,True,True,False
4295,0,0,0,False,False,False,False,False,True,False,False,False,False,False,True
3857,2,2,27,False,False,False,False,False,False,False,True,False,True,True,False
4093,0,0,0,False,False,False,False,True,False,False,False,False,False,False,True
4135,5,3,6,False,False,True,False,False,False,False,False,False,False,False,False
2281,3,2,1,True,False,False,False,False,False,False,False,False,False,True,False
854,4,2,6,False,False,False,False,False,False,False,True,False,True,False,False
3606,0,0,0,False,False,False,False,False,False,False,False,True,True,False,True
3290,5,2,24,False,False,False,False,False,False,True,False,False,True,True,False
4475,0,0,0,False,True,False,False,False,False,False,False,False,False,False,True
2943,0,0,0,True,False,False,False,False,False,False,False,False,False,False,True
2111,3,1,21,False,False,False,True,False,False,False,False,False,True,False,False
1622,2,3,9,False,False,False,False,False,False,False,False,False,True,False,False
2998,0,0,0,False,True,False,False,False,False,False,False,False,False,False,True
4495,0,0,0,True,False,False,False,False,False,False,False,False,False,False,True
2108,4,2,1,False,False,False,False,False,False,True,False,False,True,False,False
4394,0,0,0,False,False,False,False,False,False,True,False,False,True,False,True
2209,3,3,22,False,False,False,False,False,True,False,False,False,False,False,False
1604,0,0,0,False,False,False,False,True,False,False,False,False,False,False,True
4377,4,1,9,False,False,True,False,False,False,False,False,False,False,False,False
3568,2,3,16,False,False,False,False,False,False,False,False,True,True,True,False
3399,0,0,0,False,False,False,True,False,False,False,False,False,True,False,True
2104,1,2,21,False,False,False,False,False,True,False,False,False,False,False,False
1241,0,0,0,False,True,False,False,False,False,False,False,False,False,False,True
3457,5,3,5,False,False,False,False,False,False,False,False,False,True,True,False
2889,4,1,5,False,False,False,False,False,False,False,False,True,True,True,False
2422,0,0,0,False,False,False,True,False,False,False,False,False,True,False,True
2874,0,0,0,False,False,False,False,True,False,False,False,False,False,False,True
1409,4,1,24,True,False,False,False,False,False,False,False,False,False,False,False
2508,1,2,20,False,False,False,False,False,False,True,False,False,True,True,False
4429,0,0,0,False,False,False,False,False,False,False,False,True,True,False,True
3867,0,0,0,False,True,False,False,False,False,False,False,False,False,False,True
4576,3,1,3,False,False,False,False,False,False,False,False,False,True,False,False
4924,0,0,0,False,False,True,False,False,False,False,False,False,False,False,True
2858,4,1,26,False,False,False,False,False,True,False,False,False,False,False,False
2050,2,3,14,True,False,False,False,False,False,False,False,False,False,True,False
2585,4,3,19,False,False,True,False,False,False,False,False,False,False,True,False
4720,0,0,0,False,True,False,False,False,False,False,False,False,False,False,True
1281,1,2,1,False,False,True,False,False,False,False,False,False,False,False,False
3143,1,1,24,False,False,False,False,True,False,False,False,False,False,False,False
2439,2,1,6,False,False,False,False,False,False,False,False,False,True,True,False
2052,4,3,29,False,True,False,False,False,False,False,False,False,False,True,False
3122,0,0,0,False,False,False,False,False,True,False,False,False,False,False,True
4890,1,1,16,False,False,False,False,False,False,False,True,False,True,False,False
4694,1,3,11,False,False,False,False,False,False,False,True,False,True,False,False
1015,3,3,20,False,False,False,True,False,False,False,False,False,True,False,False
3221,0,0,0,False,False,False,False,False,False,False,True,False,True,False,True
4526,0,0,0,False,False,False,False,False,False,False,False,True,True,False,True
1288,5,2,14,False,False,False,False,False,False,False,False,False,True,True,False
1200,2,1,21,False,False,True,False,False,False,False,False,False,False,False,False
4653,0,0,0,False,False,True,False,False,False,False,False,False,False,False,True
3730,2,3,22,False,False,False,False,False,True,False,False,False,False,True,False
4094,0,0,0,False,False,False,False,False,False,False,False,True,True,False,True
1734,3,2,26,False,False,False,True,False,False,False,False,False,True,False,False
1982,0,0,0,True,False,False,False,False,False,False,False,False,False,False,True
3467,4,1,1,False,False,False,True,False,False,False,False,False,True,True,False
3783,2,3,22,False,False,False,False,True,False,False,False,False,False,False,False
4759,0,0,0,False,False,False,False,False,False,False,False,False,True,False,True
1720,5,2,0,False,False,True,False,False,False,False,False,False,False,False,False
1931,2,3,2,False,False,False,False,False,True,False,False,False,False,True,False
3261,0,0,0,True,False,False,False,False,False,False,False,False,False,False,True
2604,5,2,2,False,False,False,True,False,False,False,False,False,True,True,False
2832,5,2,20,False,False,False,False,False,False,True,False,False,True,True,False
1071,0,0,0,False,False,False,False,False,False,False,True,False,True,False,True
2062,0,0,0,False,False,True,False,False,False,False,False,False,False,False,True
1720,4,1,0,False,False,True,False,False,False,False,False,False,False,False,False
4300,2,2,29,False,False,False,False,False,False,False,False,False,True,False,False
1231,1,1,13,False,False,False,False,False,False,False,False,False,True,False,False
1763,4,3,25,False,False,False,False,True,False,False,False,False,False,False,False
4868,0,0,0,False,False,False,False,False,True,False,False,False,False,False,True
1606,3,2,12,False,True,False,False,False,False,False,False,False,False,True,False
1684,0,0,0,False,False,False,True,False,False,False,False,False,True,False,True
4201,3,2,24,False,False,False,True,False,False,False,False,False,True,False,False
3600,0,0,0,False,False,False,False,False,False,True,False,False,True,False,True
4645,0,0,0,False,False,False,False,False,False,False,True,False,True,False,True
1526,1,1,2,False,False,False,True,False,False,False,False,False,True,False,False
2396,3,2,2,False,False,False,True,False,False,False,False,False,True,False,False
2909,0,0,0,False,False,False,False,False,False,False,True,False,True,False,True
4869,5,1,14,False,False,False,True,False,False,False,False,False,True,False,False
2733,5,2,10,True,False,False,False,False,False,False,False,False,False,False,False
3482,0,0,0,False,False,False,False,False,False,True,False,False,True,False,True
2018,1,2,11,False,True,False,False,False,False,False,False,False,False,False,False
4935,1,1,10,False,False,False,False,False,True,False,False,False,False,True,False
1783,4,3,5,True,False,False,False,False,False,False,False,False,False,False,False
1713,5,1,27,False,False,False,False,False,False,False,False,True,True,False,False
3911,0,0,0,False,False,False,True,False,False,False,False,False,True,False,True
1117,5,3,25,False,False,False,False,False,False,True,False,False,True,True,False
3911,0,0,0,False,False,False,False,True,False,False,False,False,False,False,True
4730,5,1,0,True,False,False,False,False,False,False,False,False,False,True,False
3183,4,1,26,False,False,False,True,False,False,False,False,False,True,True,False
1162,5,1,20,False,False,False,False,True,False,False,False,False,False,False,False
4538,0,0,0,False,False,False,False,False,False,False,False,True,True,False,True
1356,2,1,18,False,True,False,False,False,False,False,False,False,False,False,False
3519,0,0,0,False,False,False,False,True,False,False,False,False,False,False,True
2374,2,2,13,True,False,False,False,False,False,False,False,False,False,True,False
2347,2,1,13,False,False,False,False,False,False,True,False,False,True,False,False
2864,0,0,0,False,False,False,False,False,False,False,False,False,True,False,True
1807,3,2,6,False,False,False,False,False,True,False,False,False,False,True,False
2047,2,3,27,False,False,False,False,True,False,False,False,False,False,False,False
2045,0,0,0,False,False,False,False,False,True,False,False,False,False,False,True
1077,4,2,3,False,False,False,False,True,False,False,False,False,False,True,False
1840,0,0,0,False,False,False,False,True,False,False,False,False,False,False,True
1685,1,2,25,False,False,False,False,False,False,False,False,True,True,True,False
3153,0,0,0,False,False,False,False,True,False,False,False,False,False,False,True
1084,4,3,2,False,False,False,True,False,False,False,False,False,True,False,False
3307,5,3,0,False,False,False,False,False,False,False,False,False,True,False,False
3306,2,3,25,False,False,False,False,False,False,False,False,False,True,True,False
4156,4,1,2,False,False,False,False,False,False,False,True,False,True,True,False
1686,0,0,0,False,False,False,False,False,False,False,False,False,True,False,True
1898,0,0,0,True,False,False,False,False,False,False,False,False,False,False,True
3955,0,0,0,False,False,True,False,False,False,False,False,False,False,False,True
4578,0,0,0,False,False,False,True,False,False,False,False,False,True,False,True
4311,4,1,20,True,False,False,False,False,False,False,False,False,False,True,False
4979,3,1,4,False,False,False,False,True,False,False,False,False,False,False,False
4763,2,1,2,False,False,True,False,False,False,False,False,False,False,False,False
1592,4,2,14,False,False,False,False,True,False,False,False,False,False,False,False
2407,0,0,0,False,False,True,False,False,False,False,False,False,False,False,True
1784,1,1,20,False,False,True,False,False,False,False,False,False,False,False,False
1850,2,3,2,True,False,False,False,False,False,False,False,False,False,False,False
1492,4,2,2,False,False,False,False,False,False,False,False,False,True,True,False
3053,1,2,11,False,False,False,False,False,False,False,False,True,True,True,False
1320,1,3,21,False,False,False,False,False,False,False,False,True,True,False,False
916,0,0,0,False,False,True,False,False,False,False,False,False,False,False,True
1383,3,1,16,False,False,False,False,False,False,True,False,False,True,True,False
1073,2,2,14,False,True,False,False,False,False,False,False,False,False,True,False
2367,0,0,0,False,False,False,False,False,False,False,False,True,True,False,True
2843,1,3,21,True,False,False,False,False,False,False,False,False,False,False,False
2376,1,1,13,False,False,True,False,False,False,False,False,False,False,False,False
1391,4,1,9,False,False,False,False,False,False,False,False,True,True,False,False
801,1,1,8,False,True,False,False,False,False,False,False,False,False,True,False
1717,2,2,6,False,False,False,False,False,False,True,False,False,True,False,False
2969,2,3,1,False,False,True,False,False,False,False,False,False,False,False,False
1227,1,3,28,False,False,False,False,True,False,False,False,False,False,False,False
2856,1,3,30,True,False,False,False,False,False,False,False,False,False,False,False
1515,2,2,19,True,False,False,False,False,False,False,False,False,False,True,False
1050,0,0,0,False,False,False,False,False,False,False,True,False,True,False,True
1258,0,0,0,False,False,False,True,False,False,False,False,False,True,False,True
1699,0,0,0,False,False,False,False,True,False,False,False,False,False,False,True
821,2,3,2,True,False,False,False,False,False,False,False,False,False,False,False
4909,0,0,0,False,False,False,False,False,False,False,False,True,True,False,True
2934,0,0,0,False,False,False,False,False,False,True,False,False,True,False,True
2360,5,3,25,False,False,False,False,False,True,False,False,False,False,False,False
4227,5,1,22,False,True,False,False,False,False,False,False,False,False,False,False
3135,3,2,5,False,False,False,False,True,False,False,False,False,False,False,False
1111,1,3,2,True,False,False,False,False,False,False,False,False,False,False,False
1554,3,1,28,True,False,False,False,False,False,False,False,False,False,False,False
1702,4,1,29,False,False,False,False,False,False,False,False,True,True,True,False
2777,0,0,0,False,False,False,False,False,False,False,False,True,True,False,True
1203,0,0,0,False,False,False,False,False,False,False,True,False,True,False,True
2187,0,0,0,False,False,False,False,False,False,False,True,False,True,False,True
1755,2,1,18,False,False,False,False,True,False,False,False,False,False,True,False
2073,5,2,3,False,False,False,False,False,False,False,False,False,True,True,False
2241,4,2,6,False,False,False,False,False,False,True,False,False,True,True,False
2194,2,2,28,False,False,True,False,False,False,False,False,False,False,False,False
1329,5,3,0,False,False,False,False,False,False,False,False,True,True,False,False
4391,0,0,0,False,False,False,False,True,False,False,False,False,False,False,True
4169,4,2,13,False,False,False,False,False,False,False,True,False,True,True,False
3140,5,2,12,False,True,False,False,False,False,False,False,False,False,True,False
2325,4,1,14,False,True,False,False,False,False,False,False,False,False,True,False
3078,0,0,0,False,False,False,False,True,False,False,False,False,False,False,True
4614,1,3,24,False,False,False,False,False,False,False,False,True,True,False,False
2913,3,1,4,False,False,False,True,False,False,False,False,False,True,True,False
4823,0,0,0,True,False,False,False,False,False,False,False,False,False,False,True
4174,3,2,2,False,False,False,False,False,False,False,True,False,True,False,False
3439,2,1,9,False,False,False,False,True,False,False,False,False,False,False,False
4232,1,1,19,False,False,False,False,False,False,False,False,True,True,False,False
3160,4,1,10,False,False,False,False,True,False,False,False,False,False,False,False
3012,1,1,23,False,True,False,False,False,False,False,False,False,False,True,False
3003,0,0,0,False,False,False,False,False,False,False,True,False,True,False,True
2725,0,0,0,False,True,False,False,False,False,False,False,False,False,False,True
1756,0,0,0,False,True,False,False,False,False,False,False,False,False,False,True
3181,2,1,30,False,True,False,False,False,False,False,False,False,False,False,False
1081,5,1,22,False,False,False,False,True,False,False,False,False,False,False,False
3332,5,3,4,False,True,False,False,False,False,False,False,False,False,True,False
2029,0,0,0,False,False,False,False,False,False,False,False,True,True,False,True
1075,5,2,23,False,False,False,False,False,False,True,False,False,True,False,False
925,2,1,17,False,False,False,False,False,False,False,False,False,True,True,False
4049,4,2,19,False,False,False,False,True,False,False,False,False,False,False,False
2769,2,3,7,False,False,False,False,True,False,False,False,False,False,False,False
928,5,2,4,False,False,False,False,False,False,False,False,True,True,True,False
1998,2,1,22,False,False,True,False,False,False,False,False,False,False,True,False
3274,2,2,17,False,False,False,False,False,False,True,False,False,True,False,False
4519,1,3,7,False,False,False,False,True,False,False,False,False,False,True,False
3872,3,3,15,False,False,False,False,False,True,False,False,False,False,False,False
2127,0,0,0,False,True,False,False,False,False,False,False,False,False,False,True
4473,4,2,17,False,False,False,False,False,True,False,False,False,False,False,False
4032,1,1,15,False,False,False,False,False,False,True,False,False,True,False,False
4030,1,3,3,False,False,False,False,False,False,False,False,False,True,True,False
3973,4,2,18,False,True,False,False,False,False,False,False,False,False,True,False
1800,3,1,10,False,False,True,False,False,False,False,False,False,False,False,False
1621,0,0,0,False,False,False,True,False,False,False,False,False,True,False,True
3572,1,2,6,False,False,False,False,False,False,False,False,False,True,False,False
4786,4,1,24,False,False,False,False,False,False,False,False,False,True,True,False
1535,1,3,11,False,False,False,False,False,True,False,False,False,False,False,False
3815,0,0,0,True,False,False,False,False,False,False,False,False,False,False,True
3789,1,3,20,False,False,False,True,False,False,False,False,False,True,True,False
3663,2,2,27,False,False,False,False,True,False,False,False,False,False,True,False
811,5,2,15,True,False,False,False,False,False,False,False,False,False,False,False
4171,4,3,10,False,False,False,False,True,False,False,False,False,False,True,False
3345,4,3,10,False,True,False,False,False,False,False,False,False,False,False,False
1206,3,3,15,False,False,False,False,False,False,True,False,False,True,True,False
1514,3,3,3,False,False,False,False,False,False,False,False,False,True,True,False
1763,5,2,26,False,False,False,False,False,True,False,False,False,False,False,False
905,0,0,0,False,False,False,False,False,False,True,False,False,True,False,True
2481,2,1,12,False,False,False,True,False,False,False,False,False,True,False,False
4330,4,2,6,False,False,True,False,False,False,False,False,False,False,True,False
3159,1,2,28,False,False,False,False,False,True,False,False,False,False,False,False
2275,1,1,9,False,False,False,False,False,False,True,False,False,True,True,False
2100,0,0,0,True,False,False,False,False,False,False,False,False,False,False,True
3897,1,3,9,False,False,False,False,False,False,True,False,False,True,True,False
2460,2,1,25,False,False,False,False,False,True,False,False,False,False,True,False
4945,3,3,9,False,False,False,False,False,False,False,False,False,True,False,False
3840,0,0,0,False,False,False,False,False,True,False,False,False,False,False,True
2384,0,0,0,False,False,False,False,True,False,False,False,False,False,False,True
2049,1,3,20,False,False,False,False,False,False,False,True,False,True,True,False
3652,0,0,0,False,False,True,False,False,False,False,False,False,False,False,True
2346,2,1,13,False,False,False,False,False,False,False,True,False,True,False,False
1240,1,2,2,False,False,False,False,False,False,True,False,False,True,True,False
4529,3,2,21,False,False,False,False,False,False,False,True,False,True,True,False
4151,4,2,18,False,False,True,False,False,False,False,False,False,False,True,False
1925,0,0,0,False,False,False,False,False,False,False,True,False,True,False,True
1990,5,2,3,False,False,False,True,False,False,False,False,False,True,False,False
872,0,0,0,False,False,False,False,True,False,False,False,False,False,False,True
3272,0,0,0,False,False,False,False,False,True,False,False,False,False,False,True
2604,1,2,27,False,True,False,False,False,False,False,False,False,False,True,False
4410,5,2,7,False,False,False,False,False,False,False,False,True,True,False,False
3861,0,0,0,True,False,False,False,False,False,False,False,False,False,False,True
1141,2,3,11,False,False,False,False,False,False,False,False,False,True,False,False
2032,3,2,22,False,False,False,False,False,False,False,False,True,True,False,False
1461,4,2,3,False,True,False,False,False,False,False,False,False,False,True,False
3134,1,3,15,False,False,False,False,False,False,False,False,True,True,True,False
1432,4,1,15,True,False,False,False,False,False,False,False,False,False,False,False
3362,5,3,27,False,False,False,False,False,True,False,False,False,False,True,False
4743,0,0,0,False,False,True,False,False,False,False,False,False,False,False,True
3168,1,2,20,False,False,False,False,True,False,False,False,False,False,False,False
2566,1,1,15,False,False,False,False,False,False,False,True,False,True,False,False
2323,2,1,13,False,False,False,False,True,False,False,False,False,False,True,False
2401,0,0,0,False,False,False,False,False,False,True,False,False,True,False,True
3617,3,1,8,False,False,False,False,False,False,False,False,False,True,False,False
2525,2,2,22,False,True,False,False,False,False,False,False,False,False,True,False
1205,3,3,21,False,False,False,False,False,False,True,False,False,True,True,False
1043,2,3,16,False,True,False,False,False,False,False,False,False,False,True,False
1393,0,0,0,False,False,False,False,True,False,False,False,False,False,False,True
4029,2,2,13,False,True,False,False,False,False,False,False,False,False,False,False
4719,4,2,8,False,False,False,False,False,True,False,False,False,False,True,False
3778,2,2,19,False,False,False,False,False,True,False,False,False,False,True,False
2785,1,1,21,False,True,False,False,False,False,False,False,False,False,True,False
894,1,2,15,False,False,True,False,False,False,False,False,False,False,True,False
3746,3,1,5,False,False,False,False,False,True,False,False,False,False,True,False
3329,0,0,0,False,True,False,False,False,False,False,False,False,False,False,True
1763,1,3,3,False,False,False,False,False,True,False,False,False,False,False,False
4987,5,3,13,False,False,False,False,False,False,False,True,False,True,False,False
3836,4,3,5,True,False,False,False,False,False,False,False,False,False,False,False
4938,2,3,18,False,False,False,False,False,False,False,False,True,True,False,False
2753,2,1,1,False,False,False,False,False,True,False,False,False,False,True,False
2750,1,3,18,False,False,False,False,False,True,False,False,False,False,False,False
1979,0,0,0,False,False,True,False,False,False,False,False,False,False,False,True
1682,4,1,3,False,False,False,False,False,False,False,True,False,True,False,False
2948,4,1,19,False,False,False,False,False,False,False,False,False,True,True,False
4102,0,0,0,False,False,False,True,False,False,False,False,False,True,False,True
1567,0,0,0,False,False,False,False,False,False,False,True,False,True,False,True
2939,5,1,21,False,False,False,False,False,False,True,False,False,True,False,False
3093,5,2,22,True,False,False,False,False,False,False,False,False,False,False,False
3884,5,2,17,False,False,False,False,False,False,False,False,False,True,False,False
1471,0,0,0,False,False,False,False,False,True,False,False,False,False,False,True
3842,0,0,0,False,False,False,False,False,False,False,False,False,True,False,True
3242,5,3,20,False,False,False,False,False,False,False,True,False,True,True,False
1345,4,2,7,False,False,True,False,False,False,False,False,False,False,True,False
2259,5,2,9,False,False,False,False,False,False,True,False,False,True,False,False
816,0,0,0,False,False,False,True,False,False,False,False,False,True,False,True
1224,1,2,27,False,False,False,False,False,False,False,False,False,True,True,False
1920,0,0,0,False,False,False,False,False,False,False,False,True,True,False,True
4895,4,1,27,False,False,False,False,False,False,False,False,False,True,False,False
3649,3,2,7,False,False,False,False,False,False,False,True,False,True,False,False
4726,0,0,0,False,False,False,False,False,True,False,False,False,False,False,True
2948,5,1,22,False,False,False,False,False,False,False,True,False,True,True,False
4306,3,1,4,False,False,False,False,False,False,False,False,False,True,False,False
4697,0,0,0,True,False,False,False,False,False,False,False,False,False,False,True
2474,0,0,0,False,False,True,False,False,False,False,False,False,False,False,True
3346,0,0,0,False,True,False,False,False,False,False,False,False,False,False,True
3289,5,1,29,False,False,False,False,False,True,False,False,False,False,False,False
3367,2,2,14,False,False,False,False,False,False,True,False,False,True,True,False
4091,1,3,7,False,False,False,False,False,False,False,False,False,True,True,False
3176,2,3,17,True,False,False,False,False,False,False,False,False,False,True,False
2627,4,2,8,False,False,False,True,False,False,False,False,False,True,True,False
1177,0,0,0,False,False,False,True,False,False,False,False,False,True,False,True
1169,0,0,0,True,False,False,False,False,False,False,False,False,False,False,True
4547,0,0,0,False,False,False,False,False,True,False,False,False,False,False,True
1569,0,0,0,False,False,False,False,False,True,False,False,False,False,False,True
2516,4,2,10,False,False,False,False,True,False,False,False,False,False,True,False
3120,2,3,8,False,False,False,False,True,False,False,False,False,False,True,False
4497,4,2,19,False,False,False,False,True,False,False,False,False,False,False,False
4159,3,2,16,False,False,False,False,False,False,False,False,False,True,True,False
2367,0,0,0,False,False,False,False,True,False,False,False,False,False,False,True
838,1,1,14,False,False,False,True,False,False,False,False,False,True,False,False
3508,4,3,21,True,False,False,False,False,False,False,False,False,False,True,False
2168,4,1,12,True,False,False,False,False,False,False,False,False,False,False,False
1082,2,3,14,False,False,False,False,False,False,False,True,False,True,True,False
4983,4,1,21,False,True,False,False,False,False,False,False,False,False,True,False
2524,0,0,0,False,False,False,False,False,True,False,False,False,False,False,True
1314,3,3,28,False,False,False,True,False,False,False,False,False,True,False,False
2104,5,3,7,False,False,False,False,True,False,False,False,False,False,True,False
4527,1,1,2,False,False,False,False,False,True,False,False,False,False,True,False
2655,2,2,10,False,True,False,False,False,False,False,False,False,False,False,False
2228,3,3,1,False,False,False,False,False,False,False,False,True,True,False,False
3347,0,0,0,False,False,False,True,False,False,False,False,False,True,False,True
3081,2,2,21,False,False,False,False,True,False,False,False,False,False,True,False
1837,1,2,20,False,False,False,False,True,False,False,False,False,False,True,False
2578,0,0,0,False,False,False,False,False,False,False,True,False,True,False,True
4695,3,1,25,False,False,False,False,False,False,False,False,True,True,True,False
2204,4,2,23,False,False,False,False,False,True,False,False,False,False,False,False
2628,5,2,7,True,False,False,False,False,False,False,False,False,False,True,False
2885,4,1,12,False,False,False,False,True,False,False,False,False,False,True,False
3430,0,0,0,False,False,False,False,False,False,False,False,False,True,False,True
4386,5,2,22,False,False,False,False,False,False,False,True,False,True,False,False
3613,0,0,0,False,False,False,False,False,False,False,True,False,True,False,True
1393,0,0,0,False,False,False,False,False,True,False,False,False,False,False,True
3762,0,0,0,False,False,False,False,False,True,False,False,False,False,False,True
1463,5,2,25,False,False,False,False,False,False,True,False,False,True,False,False
3774,0,0,0,False,False,True,False,False,False,False,False,False,False,False,True
2866,5,2,22,False,False,False,False,False,False,True,False,False,True,False,False
1969,0,0,0,False,False,False,False,False,False,False,False,False,True,False,True
1936,0,0,0,False,False,False,False,False,False,False,False,False,True,False,True
3610,3,1,27,False,False,False,False,False,False,True,False,False,True,True,False
3248,4,3,26,False,False,True,False,False,False,False,False,False,False,False,False
2925,4,3,6,False,False,True,False,False,False,False,False,False,False,True,False
1636,1,1,9,False,False,False,False,False,False,False,False,False,True,False,False
4496,0,0,0,False,False,False,False,True,False,False,False,False,False,False,True
3557,1,3,12,False,False,False,False,False,False,False,True,False,True,False,False
4786,2,3,13,False,True,False,False,False,False,False,False,False,False,True,False
2803,1,1,9,False,True,False,False,False,False,False,False,False,False,False,False
3203,2,2,6,False,False,True,False,False,False,False,False,False,False,False,False
3639,1,2,8,False,False,False,False,False,False,False,False,True,True,True,False
2419,0,0,0,False,False,False,False,False,False,False,False,False,True,False,True
2231,4,2,29,False,False,False,False,True,False,False,False,False,False,False,False
962,0,0,0,False,False,False,False,False,False,True,False,False,True,False,True
1069,2,2,30,False,False,False,False,False,True,False,False,False,False,True,False
1004,0,0,0,False,False,False,False,False,True,False,False,False,False,False,True
1640,5,3,19,False,False,False,False,False,False,False,False,True,True,True,False
1489,1,3,6,False,False,False,False,False,False,False,False,True,True,False,False
2222,0,0,0,False,False,False,True,False,False,False,False,False,True,False,True
1971,5,2,25,False,False,False,False,False,False,False,False,True,True,False,False
3161,0,0,0,False,False,True,False,False,False,False,False,False,False,False,True
4470,2,1,23,False,False,False,False,False,False,False,False,False,True,True,False
1170,0,0,0,False,False,False,False,False,False,False,False,True,True,False,True
2731,1,1,8,False,False,False,False,False,False,False,True,False,True,True,False
1694,0,0,0,False,False,False,False,False,False,False,False,True,True,False,True
3136,0,0,0,False,False,True,False,False,False,False,False,False,False,False,True
1372,0,0,0,False,False,False,False,False,False,True,False,False,True,False,True
4469,1,1,1,False,False,False,False,False,False,False,True,False,True,False,False
3457,1,2,20,False,False,False,True,False,False,False,False,False,True,True,False
3937,0,0,0,False,False,True,False,False,False,False,False,False,False,False,True
4550,4,3,7,False,False,True,False,False,False,False,False,False,False,False,False
1410,3,3,16,False,False,False,False,False,False,False,False,True,True,False,False
3124,4,2,30,False,True,False,False,False,False,False,False,False,False,False,False
3591,5,3,21,False,False,False,False,False,False,False,True,False,True,True,False
1581,3,1,8,False,False,False,False,False,True,False,False,False,False,False,False
2913,1,2,2,False,False,False,False,False,False,False,True,False,True,True,False
2377,4,3,5,False,False,True,False,False,False,False,False,False,False,True,False
3226,0,0,0,False,True,False,False,False,False,False,False,False,False,False,True
3351,4,2,7,False,False,True,False,False,False,False,False,False,False,True,False
3011,0,0,0,False,False,True,False,False,False,False,False,False,False,False,True
3085,0,0,0,False,True,False,False,False,False,False,False,False,False,False,True
4325,4,2,6,False,False,False,False,False,False,True,False,False,True,True,False
3724,3,3,17,False,False,False,True,False,False,False,False,False,True,True,False
3776,4,1,22,False,False,False,False,False,False,False,True,False,True,True,False
1487,3,1,3,False,False,False,False,False,True,False,False,False,False,False,False
2581,3,1,11,False,False,False,False,False,False,True,False,False,True,False,False
1374,5,3,20,False,False,False,True,False,False,False,False,False,True,True,False
2083,0,0,0,False,False,False,False,False,False,True,False,False,True,False,True
2329,3,3,26,False,False,False,False,False,False,False,False,True,True,True,False
3200,4,1,19,False,False,False,False,False,False,False,False,False,True,False,False
3869,0,0,0,False,False,False,True,False,False,False,False,False,True,False,True
4347,5,1,19,False,False,False,False,False,False,False,True,False,True,True,False
1445,3,1,10,True,False,False,False,False,False,False,False,False,False,False,False
2699,1,1,23,False,False,False,False,False,False,True,False,False,True,False,False
1954,4,2,25,False,True,False,False,False,False,False,False,False,False,True,False
4631,2,2,0,False,False,False,False,False,True,False,False,False,False,True,False
2515,2,1,18,False,False,False,False,False,False,False,True,False,True,False,False
1898,1,3,15,False,False,True,False,False,False,False,False,False,False,True,False
2474,0,0,0,False,False,False,False,False,False,True,False,False,True,False,True
1730,1,1,15,False,False,True,False,False,False,False,False,False,False,False,False
1735,0,0,0,False,False,False,True,False,False,False,False,False,True,False,True
1870,0,0,0,False,False,False,False,False,False,False,False,False,True,False,True
4630,3,2,24,False,False,False,False,True,False,False,False,False,False,True,False
2136,0,0,0,False,False,True,False,False,False,False,False,False,False,False,True
4173,4,2,3,False,False,False,False,False,False,False,True,False,True,False,False
1192,3,1,14,False,False,False,False,True,False,False,False,False,False,False,False
4608,3,3,22,False,False,False,False,False,False,False,False,True,True,False,False
2177,4,1,7,False,False,False,False,False,False,False,True,False,True,False,False
4717,0,0,0,True,False,False,False,False,False,False,False,False,False,False,True
2704,0,0,0,False,False,False,True,False,False,False,False,False,True,False,True
2550,1,3,13,False,False,True,False,False,False,False,False,False,False,True,False
3131,4,1,6,True,False,False,False,False,False,False,False,False,False,True,False
3610,4,3,24,False,False,False,False,True,False,False,False,False,False,False,False
3790,0,0,0,False,False,False,False,False,False,False,False,False,True,False,True
1733,5,1,3,False,False,False,False,True,False,False,False,False,False,False,False
1064,1,1,13,True,False,False,False,False,False,False,False,False,False,True,False
2562,1,3,13,False,True,False,False,False,False,False,False,False,False,True,False
867,4,2,8,True,False,False,False,False,False,False,False,False,False,False,False
3998,5,2,16,False,False,False,False,False,False,True,False,False,True,True,False
3115,0,0,0,False,False,False,False,False,True,False,False,False,False,False,True
2385,0,0,0,False,False,False,False,False,False,False,False,False,True,False,True
1460,0,0,0,False,False,False,False,False,False,False,True,False,True,False,True
2099,5,3,11,False,False,False,False,False,False,False,False,True,True,True,False
4316,1,3,16,False,False,True,False,False,False,False,False,False,False,False,False
3327,0,0,0,False,False,False,False,False,False,False,True,False,True,False,True
1142,4,2,11,False,False,False,False,True,False,False,False,False,False,True,False
2873,4,1,21,True,False,False,False,False,False,False,False,False,False,False,False
4540,0,0,0,False,False,False,False,False,False,True,False,False,True,False,True
2646,4,2,11,False,False,False,False,True,False,False,False,False,False,False,False
993,2,3,22,False,False,False,False,False,False,False,False,True,True,True,False
1910,0,0,0,False,False,False,False,False,False,False,True,False,True,False,True
3061,1,2,16,False,False,False,False,False,True,False,False,False,False,False,False
1529,0,0,0,False,False,True,False,False,False,False,False,False,False,False,True
4251,0,0,0,False,False,False,True,False,False,False,False,False,True,False,True
2940,0,0,0,False,False,True,False,False,False,False,False,False,False,False,True
941,3,1,19,False,True,False,False,False,False,False,False,False,False,False,False
2896,1,2,7,False,False,False,False,False,False,False,True,False,True,False,False
1140,5,1,29,False,False,False,False,False,False,True,False,False,True,True,False
3229,1,1,23,False,False,False,False,False,False,False,False,True,True,True,False
1655,5,3,26,False,False,False,False,False,False,False,False,True,True,False,False
2317,0,0,0,False,False,False,False,False,False,True,False,False,True,False,True
2974,5,1,7,False,False,False,False,False,True,False,False,False,False,False,False
4203,5,1,12,False,False,False,False,False,False,True,False,False,True,True,False
4111,1,1,25,False,False,False,False,True,False,False,False,False,False,True,False
973,5,3,22,True,False,False,False,False,False,False,False,False,False,False,False
2675,0,0,0,False,False,False,False,False,False,True,False,False,True,False,True
1789,1,3,3,False,False,False,False,True,False,False,False,False,False,True,False
2574,4,1,0,False,False,False,True,False,False,False,False,False,True,True,False
3502,0,0,0,False,False,False,False,True,False,False,False,False,False,False,True
4668,1,2,1,False,False,False,False,False,False,False,True,False,True,False,False
2796,0,0,0,False,False,True,False,False,False,False,False,False,False,False,True
3989,1,1,6,True,False,False,False,False,False,False,False,False,False,True,False
3955,3,1,1,False,False,False,False,True,False,False,False,False,False,False,False
1186,2,1,8,False,False,False,False,True,False,False,False,False,False,False,False
3266,3,1,22,False,False,False,False,False,False,False,True,False,True,False,False
2036,0,0,0,False,False,False,False,False,False,True,False,False,True,False,True
1950,1,3,23,False,False,False,False,False,False,False,True,False,True,True,False
2619,0,0,0,False,False,True,False,False,False,False,False,False,False,False,True
1930,2,3,12,False,False,False,False,True,False,False,False,False,False,False,False
4820,0,0,0,False,False,False,False,False,False,True,False,False,True,False,True
4059,4,2,2,False,False,False,False,False,False,True,False,False,True,False,False
4043,0,0,0,False,False,False,False,False,True,False,False,False,False,False,True
2870,3,2,26,False,False,False,False,False,False,False,False,True,True,False,False
4800,2,1,6,True,False,False,False,False,False,False,False,False,False,True,False
2391,1,1,14,False,True,False,False,False,False,False,False,False,False,False,False
4073,4,2,27,True,False,False,False,False,False,False,False,False,False,True,False
3854,0,0,0,False,False,False,False,False,False,False,False,True,True,False,True
3728,5,2,15,False,False,False,True,False,False,False,False,False,True,True,False
4075,1,3,3,False,True,False,False,False,False,False,False,False,False,True,False
2257,5,2,23,False,False,False,False,False,False,False,False,True,True,True,False
4450,3,1,3,False,False,True,False,False,False,False,False,False,False,True,False
2057,3,2,5,False,False,True,False,False,False,False,False,False,False,False,False
1710,5,2,9,False,True,False,False,False,False,False,False,False,False,True,False
923,0,0,0,False,False,False,False,False,False,False,True,False,True,False,True
1585,0,0,0,False,False,False,False,False,False,False,False,True,True,False,True
4972,3,3,29,False,False,True,False,False,False,False,False,False,False,False,False
2956,4,1,4,True,False,False,False,False,False,False,False,False,False,False,False
3521,5,2,20,False,False,True,False,False,False,False,False,False,False,False,False
1746,3,2,1,False,False,False,False,False,True,False,False,False,False,False,False
1140,0,0,0,False,False,False,False,False,True,False,False,False,False,False,True
2356,4,3,6,False,False,False,False,False,False,False,True,False,True,False,False
4256,0,0,0,False,True,False,False,False,False,False,False,False,False,False,True
2103,5,3,12,True,False,False,False,False,False,False,False,False,False,True,False
2986,4,3,28,False,False,False,False,True,False,False,False,False,False,False,False
2951,1,2,18,False,False,False,False,False,False,False,False,False,True,True,False
3367,4,1,16,False,False,False,False,False,False,False,True,False,True,False,False
2709,3,3,26,False,False,False,False,False,False,False,True,False,True,True,False
1066,5,3,11,False,False,False,False,False,False,True,False,False,True,True,False
4629,0,0,0,False,False,False,False,False,False,False,False,True,True,False,True
1776,4,1,13,False,False,False,False,True,False,False,False,False,False,True,False
1682,0,0,0,False,False,False,False,False,True,False,False,False,False,False,True
3467,0,0,0,False,False,True,False,False,False,False,False,False,False,False,True
2410,0,0,0,False,True,False,False,False,False,False,False,False,False,False,True
3254,3,3,24,False,False,False,False,False,False,False,False,False,True,True,False
4602,2,3,14,False,False,False,False,False,True,False,False,False,False,False,False
1702,5,3,15,False,False,False,False,False,False,False,True,False,True,False,False
2663,4,1,16,False,False,True,False,False,False,False,False,False,False,True,False
4735,3,3,5,True,False,False,False,False,False,False,False,False,False,False,False
1742,5,3,22,False,False,False,False,True,False,False,False,False,False,False,False
3327,5,2,10,True,False,False,False,False,False,False,False,False,False,True,False
3753,2,2,20,True,False,False,False,False,False,False,False,False,False,False,False
4552,3,2,24,False,False,False,False,False,False,False,True,False,True,True,False
3111,2,1,7,False,False,False,False,False,False,False,True,False,True,False,False
3494,3,1,3,False,False,False,False,False,False,False,False,True,True,True,False
3758,0,0,0,False,False,False,False,False,False,False,False,False,True,False,True
2567,5,1,30,False,False,False,False,False,False,True,False,False,True,False,False
3041,0,0,0,True,False,False,False,False,False,False,False,False,False,False,True
4136,2,2,13,False,True,False,False,False,False,False,False,False,False,True,False
2181,3,3,7,True,False,False,False,False,False,False,False,False,False,True,False
4844,5,2,12,False,False,False,False,False,False,False,True,False,True,True,False
1157,2,1,22,False,False,False,False,False,False,True,False,False,True,False,False
2297,0,0,0,False,False,False,False,True,False,False,False,False,False,False,True
2958,4,2,6,False,False,False,False,False,True,False,False,False,False,True,False
1773,3,2,28,False,False,False,False,False,False,False,False,False,True,True,False
3168,1,1,29,False,False,False,True,False,False,False,False,False,True,True,False
2356,3,1,18,False,False,False,False,False,True,False,False,False,False,True,False
3184,0,0,0,False,False,False,False,False,True,False,False,False,False,False,True
2389,4,2,13,False,False,False,True,False,False,False,False,False,True,False,False
3107,5,3,22,False,False,False,False,False,False,False,True,False,True,True,False
4502,0,0,0,False,False,False,False,False,False,False,False,True,True,False,True
2064,2,1,25,True,False,False,False,False,False,False,False,False,False,True,False
4597,0,0,0,False,False,False,False,False,True,False,False,False,False,False,True
4214,2,1,5,False,False,False,False,True,False,False,False,False,False,True,False
1467,3,1,0,False,False,False,False,True,False,False,False,False,False,False,False
1618,0,0,0,True,False,False,False,False,False,False,False,False,False,False,True
3024,4,3,4,False,False,False,False,True,False,False,False,False,False,True,False
1270,2,1,0,False,False,False,False,True,False,False,False,False,False,True,False
4600,2,3,22,False,False,False,False,True,False,False,False,False,False,True,False
1034,5,1,0,False,False,False,False,False,False,False,False,True,True,False,False
4323,1,2,8,False,False,False,False,False,False,False,False,True,True,True,False
2116,2,1,4,False,False,False,False,False,True,False,False,False,False,True,False
3387,1,3,14,False,False,False,False,True,False,False,False,False,False,False,False
1026,4,1,27,False,False,True,False,False,False,False,False,False,False,True,False
3057,5,1,3,True,False,False,False,False,False,False,False,False,False,True,False
4037,0,0,0,False,True,False,False,False,False,False,False,False,False,False,True
2805,1,1,22,False,False,False,False,False,False,False,True,False,True,False,False
961,0,0,0,False,False,False,False,True,False,False,False,False,False,False,True
1575,4,2,2,True,False,False,False,False,False,False,False,False,False,False,False
1739,0,0,0,False,False,False,False,False,False,False,True,False,True,False,True
2261,1,1,27,True,False,False,False,False,False,False,False,False,False,True,False
2348,0,0,0,False,False,True,False,False,False,False,False,False,False,False,True
2901,2,1,11,False,False,False,False,False,False,True,False,False,True,True,False
4396,0,0,0,False,False,False,False,False,False,False,False,True,True,False,True
2615,0,0,0,False,False,False,False,True,False,False,False,False,False,False,True
1474,1,3,14,False,False,False,False,True,False,False,False,False,False,False,False
4651,0,0,0,False,False,False,False,False,False,False,False,True,True,False,True
1539,2,2,5,False,False,False,True,False,False,False,False,False,True,True,False
4027,1,2,11,False,False,False,False,False,True,False,False,False,False,False,False
4564,0,0,0,False,False,False,False,True,False,False,False,False,False,False,True
3022,1,2,4,False,False,False,False,False,False,False,False,True,True,False,False
2324,1,1,22,False,False,False,False,False,False,True,False,False,True,False,False
3603,1,2,11,False,False,False,True,False,False,False,False,False,True,True,False
1772,4,3,18,False,False,False,False,False,False,False,False,False,True,True,False
3830,1,1,21,False,False,False,False,False,False,False,False,False,True,False,False
994,0,0,0,False,False,False,False,False,False,False,True,False,True,False,True
3004,0,0,0,False,False,False,False,False,False,False,True,False,True,False,True
4076,0,0,0,False,False,False,False,False,False,False,False,True,True,False,True
2041,0,0,0,False,False,False,False,True,False,False,False,False,False,False,True
1192,0,0,0,False,False,False,False,False,False,False,True,False,True,False,True
2647,4,2,10,False,False,False,True,False,False,False,False,False,True,True,False
1077,1,1,26,True,False,False,False,False,False,False,False,False,False,False,False
4070,2,1,25,False,False,True,False,False,False,False,False,False,False,False,False
1260,5,3,30,False,False,False,False,False,True,False,False,False,False,True,False
1290,1,1,14,False,True,False,False,False,False,False,False,False,False,True,False
2523,1,3,30,False,False,False,True,False,False,False,False,False,True,False,False
3641,1,2,4,False,True,False,False,False,False,False,False,False,False,False,False
3095,0,0,0,False,False,False,False,False,True,False,False,False,False,False,True
3793,3,2,14,False,True,False,False,False,False,False,False,False,False,True,False
3300,2,2,9,False,False,False,False,False,False,False,False,False,True,True,False
4094,3,2,5,False,False,False,False,False,False,True,False,False,True,True,False
4299,5,3,11,False,False,True,False,False,False,False,False,False,False,True,False
4623,3,1,17,False,False,False,False,False,False,True,False,False,True,False,False
4363,1,3,27,False,True,False,False,False,False,False,False,False,False,True,False
3293,1,3,4,False,False,False,False,False,False,False,True,False,True,True,False
1669,0,0,0,False,True,False,False,False,False,False,False,False,False,False,True
2083,4,3,28,False,False,True,False,False,False,False,False,False,False,True,False
4225,1,3,10,False,False,False,False,False,False,False,False,False,True,True,False
1729,5,2,7,False,False,False,False,False,False,False,True,False,True,False,False
2819,1,3,6,False,False,False,False,False,False,False,True,False,True,False,False
4471,2,2,28,False,False,False,False,False,False,False,False,True,True,False,False
3268,0,0,0,False,False,False,False,False,False,False,True,False,True,False,True
4383,0,0,0,False,True,False,False,False,False,False,False,False,False,False,True
3018,0,0,0,False,False,False,False,True,False,False,False,False,False,False,True
3169,0,0,0,False,False,False,False,False,False,False,False,False,True,False,True
1743,0,0,0,False,False,False,False,False,False,False,False,True,True,False,True
3460,0,0,0,False,False,False,False,True,False,False,False,False,False,False,True
4747,0,0,0,True,False,False,False,False,False,False,False,False,False,False,True
4905,4,1,21,False,False,False,False,False,False,True,False,False,True,True,False
2976,1,1,6,True,False,False,False,False,False,False,False,False,False,False,False
1779,4,1,29,False,False,False,True,False,False,False,False,False,True,True,False
4474,0,0,0,False,False,False,False,False,True,False,False,False,False,False,True
915,5,1,26,False,False,False,False,False,False,True,False,False,True,False,False
3808,2,1,25,False,False,False,False,True,False,False,False,False,False,False,False
4499,2,3,10,False,False,True,False,False,False,False,False,False,False,False,False
2713,0,0,0,False,False,False,False,True,False,False,False,False,False,False,True
3201,0,0,0,False,False,False,False,False,False,False,True,False,True,False,True
3580,4,1,10,False,False,False,False,False,False,False,False,True,True,False,False
1460,0,0,0,False,False,True,False,False,False,False,False,False,False,False,True
4754,3,1,27,False,False,False,False,False,False,False,False,False,True,True,False
2979,2,3,17,False,False,True,False,False,False,False,False,False,False,True,False
4775,1,3,15,True,False,False,False,False,False,False,False,False,False,True,False
3771,0,0,0,True,False,False,False,False,False,False,False,False,False,False,True
1070,3,1,0,False,False,False,False,False,False,True,False,False,True,True,False
4154,5,2,28,False,False,False,False,False,False,False,False,True,True,True,False
4873,0,0,0,True,False,False,False,False,False,False,False,False,False,False,True
1089,1,1,22,False,False,True,False,False,False,False,False,False,False,True,False
1078,5,1,30,False,False,False,False,True,False,False,False,False,False,False,False
1624,0,0,0,False,False,False,False,True,False,False,False,False,False,False,True
2180,0,0,0,False,False,False,True,False,False,False,False,False,True,False,True
3527,5,1,19,False,False,False,False,False,True,False,False,False,False,False,False
1141,4,2,18,True,False,False,False,False,False,False,False,False,False,False,False
3598,1,1,12,False,False,False,False,True,False,False,False,False,False,False,False
1105,5,1,15,True,False,False,False,False,False,False,False,False,False,True,False
4250,4,3,15,False,False,False,False,False,False,True,False,False,True,True,False
1109,0,0,0,False,False,False,True,False,False,False,False,False,True,False,True
1071,0,0,0,False,False,False,False,False,False,False,False,True,True,False,True
2622,2,2,26,False,False,True,False,False,False,False,False,False,False,False,False
1776,3,2,21,False,True,False,False,False,False,False,False,False,False,True,False
4707,0,0,0,False,False,False,False,False,False,False,False,False,True,False,True
952,3,1,4,False,False,False,False,False,False,False,True,False,True,True,False
2552,3,1,8,False,True,False,False,False,False,False,False,False,False,False,False
4999,3,2,0,False,False,False,False,False,False,False,False,True,True,True,False
966,5,2,24,False,False,False,False,False,False,False,False,True,True,True,False
1480,0,0,0,False,False,False,False,False,False,True,False,False,True,False,True
2163,0,0,0,False,False,False,False,False,False,False,False,True,True,False,True
2338,1,3,16,False,False,False,False,False,False,False,False,False,True,True,False
974,5,3,0,False,True,False,False,False,False,False,False,False,False,True,False
2297,4,2,16,False,True,False,False,False,False,False,False,False,False,False,False
2707,0,0,0,False,False,True,False,False,False,False,False,False,False,False,True
4973,0,0,0,False,False,False,False,False,True,False,False,False,False,False,True
2093,0,0,0,False,True,False,False,False,False,False,False,False,False,False,True
4186,5,3,5,False,False,False,False,True,False,False,False,False,False,False,False
3186,5,1,4,False,False,False,False,True,False,False,False,False,False,True,False
1799,5,2,2,False,False,False,False,False,False,True,False,False,True,True,False
4463,0,0,0,False,False,False,True,False,False,False,False,False,True,False,True
2281,1,3,3,False,False,False,False,False,True,False,False,False,False,True,False
2337,0,0,0,False,False,False,True,False,False,False,False,False,True,False,True
4868,0,0,0,False,False,False,False,False,False,False,True,False,True,False,True
4077,0,0,0,True,False,False,False,False,False,False,False,False,False,False,True
4497,0,0,0,False,False,False,False,False,False,True,False,False,True,False,True
4050,2,1,16,False,False,False,False,False,True,False,False,False,False,False,False
3178,5,3,11,False,False,True,False,False,False,False,False,False,False,True,False
3968,0,0,0,False,True,False,False,False,False,False,False,False,False,False,True
1687,3,1,29,False,False,False,False,False,False,False,False,False,True,False,False
4360,0,0,0,False,False,False,False,False,True,False,False,False,False,False,True
2273,4,1,12,False,False,False,False,False,False,True,False,False,True,True,False
3238,0,0,0,False,False,False,False,True,False,False,False,False,False,False,True
4274,5,1,23,False,True,False,False,False,False,False,False,False,False,True,False
2215,2,2,28,False,False,False,False,False,False,True,False,False,True,False,False
3169,2,1,27,False,False,False,True,False,False,False,False,False,True,True,False
2788,2,2,19,False,False,False,False,False,False,True,False,False,True,False,False
4602,1,3,26,True,False,False,False,False,False,False,False,False,False,True,False
1007,0,0,0,False,False,False,False,False,True,False,False,False,False,False,True
3433,2,3,22,False,False,False,True,False,False,False,False,False,True,True,False
2318,0,0,0,True,False,False,False,False,False,False,False,False,False,False,True
2995,4,3,19,False,False,False,False,True,False,False,False,False,False,False,False
3649,0,0,0,False,False,False,False,False,False,True,False,False,True,False,True
2106,0,0,0,False,True,False,False,False,False,False,False,False,False,False,True
4995,3,2,28,False,False,True,False,False,False,False,False,False,False,True,False
1977,1,2,20,False,True,False,False,False,False,False,False,False,False,False,False
1359,5,3,23,True,False,False,False,False,False,False,False,False,False,True,False
1409,1,1,27,False,False,False,True,False,False,False,False,False,True,True,False
1891,1,1,3,False,False,True,False,False,False,False,False,False,False,True,False
4291,1,1,13,True,False,False,False,False,False,False,False,False,False,True,False
975,1,2,17,False,False,False,False,False,False,False,False,True,True,False,False
4290,4,3,20,False,False,False,False,True,False,False,False,False,False,True,False
4142,4,1,26,False,False,False,False,False,False,True,False,False,True,True,False
1659,0,0,0,False,False,False,False,True,False,False,False,False,False,False,True
3224,1,2,17,False,False,False,False,False,False,False,True,False,True,False,False
4551,1,1,22,False,False,False,False,False,False,False,True,False,True,False,False
3584,0,0,0,False,False,False,False,False,False,False,False,False,True,False,True
3146,0,0,0,False,False,False,False,False,False,True,False,False,True,False,True
3050,5,2,2,False,True,False,False,False,False,False,False,False,False,True,False
1984,3,2,29,False,False,False,False,True,False,False,False,False,False,False,False
2473,2,2,30,False,False,False,False,False,False,False,False,True,True,True,False
3166,5,2,2,False,False,False,False,False,False,False,True,False,True,False,False
1814,0,0,0,False,False,False,False,False,False,True,False,False,True,False,True
4621,3,2,9,False,False,False,False,False,False,False,False,True,True,True,False
1094,0,0,0,False,False,False,False,False,False,False,False,False,True,False,True
3643,0,0,0,False,False,False,True,False,False,False,False,False,True,False,True
3396,1,2,23,False,False,False,False,False,False,False,False,False,True,False,False
3617,0,0,0,True,False,False,False,False,False,False,False,False,False,False,True
1541,2,2,27,False,False,False,False,False,True,False,False,False,False,False,False
2158,0,0,0,False,False,False,False,False,True,False,False,False,False,False,True
3359,3,2,24,False,False,False,False,False,False,False,False,False,True,False,False
934,5,3,21,False,False,False,False,True,False,False,False,False,False,False,False
4078,1,3,2,False,True,False,False,False,False,False,False,False,False,True,False
920,1,2,5,False,False,False,True,False,False,False,False,False,True,True,False
1724,5,1,9,True,False,False,False,False,False,False,False,False,False,False,False
3468,4,3,2,False,False,False,False,True,False,False,False,False,False,True,False
995,4,3,23,False,False,True,False,False,False,False,False,False,False,True,False
1076,0,0,0,False,False,False,True,False,False,False,False,False,True,False,True
2713,4,1,12,False,True,False,False,False,False,False,False,False,False,False,False
3391,0,0,0,False,False,True,False,False,False,False,False,False,False,False,True
2371,0,0,0,False,False,False,False,False,False,True,False,False,True,False,True
2000,2,2,6,False,False,False,True,False,False,False,False,False,True,False,False
2036,5,1,5,True,False,False,False,False,False,False,False,False,False,True,False
1461,1,2,4,False,False,False,False,False,True,False,False,False,False,True,False
3742,1,1,14,False,False,False,False,False,False,False,True,False,True,False,False
3500,0,0,0,False,False,False,False,True,False,False,False,False,False,False,True
2447,5,1,22,False,False,False,False,False,False,False,False,False,True,True,False
1284,4,2,29,False,False,False,False,False,False,False,False,True,True,False,False
1520,3,2,18,True,False,False,False,False,False,False,False,False,False,True,False
3867,3,2,8,False,False,False,False,False,False,True,False,False,True,True,False
3053,0,0,0,False,False,False,False,False,True,False,False,False,False,False,True
946,4,3,28,False,False,False,False,False,False,False,True,False,True,False,False
4160,1,3,2,False,True,False,False,False,False,False,False,False,False,False,False
2748,2,2,18,False,True,False,False,False,False,False,False,False,False,True,False
2720,0,0,0,False,False,False,False,True,False,False,False,False,False,False,True
4815,5,1,20,False,False,False,False,False,False,True,False,False,True,False,False
3772,0,0,0,False,False,False,False,True,False,False,False,False,False,False,True
4966,5,1,25,True,False,False,False,False,False,False,False,False,False,True,False
1616,5,1,16,False,False,False,False,False,False,False,False,True,True,False,False
1050,5,3,14,False,False,False,True,False,False,False,False,False,True,True,False
3263,0,0,0,False,False,False,False,False,True,False,False,False,False,False,True
4693,4,1,23,False,False,False,False,False,False,False,False,True,True,False,False
1304,1,3,11,False,False,False,False,False,False,True,False,False,True,False,False
4616,5,3,18,False,False,False,False,False,False,True,False,False,True,False,False
4564,1,2,18,False,False,False,False,False,False,False,True,False,True,True,False
993,0,0,0,False,False,False,False,False,True,False,False,False,False,False,True
3381,4,3,24,False,False,False,False,True,False,False,False,False,False,False,False
4206,4,1,16,False,False,True,False,False,False,False,False,False,False,False,False
3404,4,1,26,False,False,False,False,False,False,False,False,True,True,False,False
3170,0,0,0,False,False,False,False,False,True,False,False,False,False,False,True
1005,3,3,29,False,False,False,False,False,False,False,False,True,True,False,False
3690,0,0,0,False,False,False,False,False,False,True,False,False,True,False,True
3466,3,2,10,False,False,True,False,False,False,False,False,False,False,False,False
2079,1,1,27,False,False,False,False,False,False,False,False,False,True,False,False
2305,5,3,15,False,False,False,False,False,False,False,False,True,True,False,False
1049,2,1,15,False,False,False,False,False,False,False,True,False,True,True,False
2303,2,1,2,False,False,False,False,True,False,False,False,False,False,False,False
843,5,3,6,False,True,False,False,False,False,False,False,False,False,True,False
3742,4,2,28,True,False,False,False,False,False,False,False,False,False,True,False
4271,0,0,0,False,False,True,False,False,False,False,False,False,False,False,True
3746,5,2,3,False,False,False,False,True,False,False,False,False,False,False,False
2293,2,2,28,False,False,False,False,False,False,False,False,True,True,False,False
853,0,0,0,False,False,False,False,False,False,False,False,True,True,False,True
1415,3,1,7,False,False,False,False,False,False,True,False,False,True,False,False
2429,4,2,11,False,False,True,False,False,False,False,False,False,False,True,False
3440,2,2,17,False,False,False,False,False,False,False,False,False,True,False,False
1183,0,0,0,False,False,False,False,False,False,False,False,False,True,False,True
3525,3,2,28,False,False,False,False,False,True,False,False,False,False,False,False
4788,2,2,12,False,True,False,False,False,False,False,False,False,False,False,False
3750,2,3,20,False,True,False,False,False,False,False,False,False,False,True,False
3235,4,2,4,False,False,False,False,False,False,True,False,False,True,True,False
1568,0,0,0,False,False,False,False,False,False,True,False,False,True,False,True
3381,5,1,2,False,False,False,False,False,True,False,False,False,False,True,False
3675,0,0,0,False,False,False,False,False,False,True,False,False,True,False,True
1489,1,2,26,False,False,False,False,False,False,True,False,False,True,False,False
4999,5,2,17,False,True,False,False,False,False,False,False,False,False,False,False
4639,3,3,28,False,False,True,False,False,False,False,False,False,False,False,False
3305,3,1,26,False,False,False,False,True,False,False,False,False,False,True,False
4526,5,1,16,False,False,False,False,False,False,False,False,True,True,True,False
3306,0,0,0,False,False,False,False,True,False,False,False,False,False,False,True
1749,0,0,0,False,False,False,True,False,False,False,False,False,True,False,True
3650,2,1,3,False,False,False,True,False,False,False,False,False,True,True,False
4226,3,1,20,False,False,False,False,False,True,False,False,False,False,False,False
3384,0,0,0,False,False,False,False,False,False,False,False,True,True,False,True
818,3,2,9,False,False,True,False,False,False,False,False,False,False,False,False
3058,3,2,1,False,False,False,False,False,True,False,False,False,False,False,False
4062,3,1,18,False,False,False,False,True,False,False,False,False,False,True,False
3017,4,2,24,False,False,False,True,False,False,False,False,False,True,True,False
4778,5,2,26,False,False,False,True,False,False,False,False,False,True,False,False
1898,5,1,22,False,False,False,False,False,False,False,False,False,True,True,False
3704,1,2,9,True,False,False,False,False,False,False,False,False,False,False,False
2478,4,2,21,True,False,False,False,False,False,False,False,False,False,True,False
4988,2,2,15,True,False,False,False,False,False,False,False,False,False,False,False
1006,4,2,19,False,False,False,False,False,False,False,True,False,True,False,False
4055,2,2,12,False,True,False,False,False,False,False,False,False,False,True,False
1604,0,0,0,False,False,False,False,False,False,True,False,False,True,False,True
4675,2,3,7,False,False,False,False,False,False,False,False,False,True,True,False
